-- MySQL Script generated by MySQL Workbench
-- 10/15/16 11:18:26
-- Model: New Model    Version: 1.0
-- MySQL Workbench Forward Engineering

SET @OLD_UNIQUE_CHECKS=@@UNIQUE_CHECKS, UNIQUE_CHECKS=0;
SET @OLD_FOREIGN_KEY_CHECKS=@@FOREIGN_KEY_CHECKS, FOREIGN_KEY_CHECKS=0;
SET @OLD_SQL_MODE=@@SQL_MODE, SQL_MODE='TRADITIONAL,ALLOW_INVALID_DATES';

-- -----------------------------------------------------
-- Schema canchaya_WB
-- -----------------------------------------------------

-- -----------------------------------------------------
-- Schema canchaya_WB
-- -----------------------------------------------------
CREATE SCHEMA IF NOT EXISTS `canchaya_WB` DEFAULT CHARACTER SET utf8 ;
USE `canchaya_WB` ;

-- -----------------------------------------------------
-- Table `canchaya_WB`.`provincia`
-- -----------------------------------------------------
CREATE TABLE IF NOT EXISTS `canchaya_WB`.`provincia` (
  `id` INT NOT NULL,
  `provincia_nombre` VARCHAR(50) NOT NULL,
  PRIMARY KEY (`id`))
ENGINE = InnoDB
DEFAULT CHARACTER SET = utf8;


-- -----------------------------------------------------
-- Table `canchaya_WB`.`ciudad`
-- -----------------------------------------------------
CREATE TABLE IF NOT EXISTS `canchaya_WB`.`ciudad` (
  `id` INT NOT NULL,
  `ciudad_nombre` VARCHAR(40) NOT NULL,
  `cp` SMALLINT NOT NULL,
  `id_provincia` INT NOT NULL,
  PRIMARY KEY (`id`),
  INDEX `cp` (`cp` ASC),
  INDEX `id_provincia` (`id_provincia` ASC),
  CONSTRAINT `fk_ciudad_provincia1`
    FOREIGN KEY (`id_provincia`)
    REFERENCES `canchaya_WB`.`provincia` (`id`)
    ON DELETE RESTRICT
    ON UPDATE RESTRICT)
ENGINE = InnoDB
DEFAULT CHARACTER SET = utf8;


-- -----------------------------------------------------
-- Table `canchaya_WB`.`users`
-- -----------------------------------------------------
CREATE TABLE IF NOT EXISTS `canchaya_WB`.`users` (
  `id` INT UNSIGNED NOT NULL AUTO_INCREMENT,
  `admin` TINYINT(1) NOT NULL,
  `name` VARCHAR(40) CHARACTER SET 'utf8' NOT NULL,
  `email` VARCHAR(255) CHARACTER SET 'utf8' NOT NULL,
  `password` VARCHAR(60) CHARACTER SET 'utf8' NOT NULL,
  `updated_at` DATETIME NULL,
  `created_at` DATE NULL,
  `password_resets` VARCHAR(40) CHARACTER SET 'utf8' NULL,
  `remember_token` INT NULL,
  UNIQUE INDEX `id` (`id` ASC),
  PRIMARY KEY (`id`),
  UNIQUE INDEX `email_UNIQUE` (`email` ASC))
ENGINE = InnoDB
AUTO_INCREMENT = 2
DEFAULT CHARACTER SET = utf8
COLLATE = utf8_unicode_ci;


-- -----------------------------------------------------
-- Table `canchaya_WB`.`establecimiento`
-- -----------------------------------------------------
CREATE TABLE IF NOT EXISTS `canchaya_WB`.`establecimiento` (
  `id` INT NOT NULL AUTO_INCREMENT,
  `nombre` VARCHAR(40) CHARACTER SET 'utf8' NOT NULL,
  `direccion` VARCHAR(80) CHARACTER SET 'utf8' NOT NULL,
  `tienevestuario` TINYINT(1) NOT NULL,
  `id_ciudad` INT NOT NULL,
  `id_usuario` INT UNSIGNED NOT NULL,
  PRIMARY KEY (`id`),
  INDEX `fk_establecimiento_ciudad1_idx` (`id_ciudad` ASC),
  INDEX `id_usuario` (`id_usuario` ASC),
  CONSTRAINT `fk_establecimiento_ciudad1`
    FOREIGN KEY (`id_ciudad`)
    REFERENCES `canchaya_WB`.`ciudad` (`id`)
    ON DELETE RESTRICT
    ON UPDATE RESTRICT,
  CONSTRAINT `fk_establecimiento_usuario`
    FOREIGN KEY (`id_usuario`)
    REFERENCES `canchaya_WB`.`users` (`id`)
    ON DELETE RESTRICT
    ON UPDATE RESTRICT)
ENGINE = InnoDB
AUTO_INCREMENT = 2
DEFAULT CHARACTER SET = utf8
COLLATE = utf8_unicode_ci;


-- -----------------------------------------------------
-- Table `canchaya_WB`.`deporte`
-- -----------------------------------------------------
CREATE TABLE IF NOT EXISTS `canchaya_WB`.`deporte` (
  `id` INT NOT NULL AUTO_INCREMENT,
  `deporte` VARCHAR(40) CHARACTER SET 'utf8' NOT NULL,
  PRIMARY KEY (`id`))
ENGINE = InnoDB
DEFAULT CHARACTER SET = utf8
COLLATE = utf8_unicode_ci;


-- -----------------------------------------------------
-- Table `canchaya_WB`.`Superficie`
-- -----------------------------------------------------
CREATE TABLE IF NOT EXISTS `canchaya_WB`.`Superficie` (
  `id` INT NOT NULL AUTO_INCREMENT,
  `superficie` VARCHAR(45) NOT NULL,
  PRIMARY KEY (`id`))
ENGINE = InnoDB;


-- -----------------------------------------------------
-- Table `canchaya_WB`.`cancha`
-- -----------------------------------------------------
CREATE TABLE IF NOT EXISTS `canchaya_WB`.`cancha` (
  `id` INT NOT NULL AUTO_INCREMENT,
  `id_establecimiento` INT NOT NULL,
  `nombre_cancha` VARCHAR(40) CHARACTER SET 'utf8' NOT NULL,
  `cant_jugadores` TINYINT NOT NULL,
  `tiene_luz` TINYINT(1) NOT NULL,
  `techada` TINYINT(1) NOT NULL,
  `id_deporte` INT NOT NULL,
  `id_superficie` INT NOT NULL,
  PRIMARY KEY (`id`),
  INDEX `id_establecimiento` (`id_establecimiento` ASC),
  INDEX `id_deporte` (`id_deporte` ASC),
  INDEX `id_superficie` (`id_superficie` ASC),
  CONSTRAINT `fk_cancha`
    FOREIGN KEY (`id_establecimiento`)
    REFERENCES `canchaya_WB`.`establecimiento` (`id`),
  CONSTRAINT `fk_deporte`
    FOREIGN KEY (`id_deporte`)
    REFERENCES `canchaya_WB`.`deporte` (`id`)
    ON DELETE RESTRICT
    ON UPDATE RESTRICT,
  CONSTRAINT `fk_superficie`
    FOREIGN KEY (`id_superficie`)
    REFERENCES `canchaya_WB`.`Superficie` (`id`)
    ON DELETE RESTRICT
    ON UPDATE RESTRICT)
ENGINE = InnoDB
AUTO_INCREMENT = 3
DEFAULT CHARACTER SET = utf8
COLLATE = utf8_unicode_ci;


-- -----------------------------------------------------
-- Table `canchaya_WB`.`migrations`
-- -----------------------------------------------------
CREATE TABLE IF NOT EXISTS `canchaya_WB`.`migrations` (
  `migration` VARCHAR(255) CHARACTER SET 'utf8' NOT NULL,
  `batch` INT(11) NOT NULL)
ENGINE = InnoDB
DEFAULT CHARACTER SET = utf8
COLLATE = utf8_unicode_ci;


-- -----------------------------------------------------
-- Table `canchaya_WB`.`Dia`
-- -----------------------------------------------------
CREATE TABLE IF NOT EXISTS `canchaya_WB`.`Dia` (
  `id` INT NOT NULL AUTO_INCREMENT,
  `dia` VARCHAR(9) NOT NULL,
  `dia_ingles` VARCHAR(13) NOT NULL,
  PRIMARY KEY (`id`))
ENGINE = InnoDB;


-- -----------------------------------------------------
-- Table `canchaya_WB`.`turnoAdmin`
-- -----------------------------------------------------
CREATE TABLE IF NOT EXISTS `canchaya_WB`.`turnoAdmin` (
  `id` INT NOT NULL AUTO_INCREMENT,
  `id_dia` INT NOT NULL,
  `horaInicio` TIME(5) NOT NULL,
  `horaFin` TIME(6) NOT NULL,
  `precio_cancha` DOUBLE NOT NULL,
  `adic_luz` TINYINT(1) NOT NULL,
  `precio_adicional` DOUBLE NULL,
  `habilitado` INT(1) NOT NULL,
  `id_usuario_admin` INT UNSIGNED NOT NULL,
  `id_cancha` INT NOT NULL,
  `fijo` TINYINT(1) NOT NULL,
  PRIMARY KEY (`id`),
  INDEX `id_usuario_admin` (`id_usuario_admin` ASC),
  INDEX `id_cancha` (`id_cancha` ASC),
  INDEX `id_dia` (`id_dia` ASC),
  CONSTRAINT `fk_cancha_turnoadmin`
    FOREIGN KEY (`id_cancha`)
    REFERENCES `canchaya_WB`.`cancha` (`id`)
    ON DELETE RESTRICT
    ON UPDATE RESTRICT,
  CONSTRAINT `fk_usuario_turnoadmin`
    FOREIGN KEY (`id_usuario_admin`)
    REFERENCES `canchaya_WB`.`users` (`id`)
    ON DELETE RESTRICT
    ON UPDATE RESTRICT,
  CONSTRAINT `fk_dia`
    FOREIGN KEY (`id_dia`)
    REFERENCES `canchaya_WB`.`Dia` (`id`)
    ON DELETE RESTRICT
    ON UPDATE RESTRICT)
ENGINE = InnoDB;


-- -----------------------------------------------------
-- Table `canchaya_WB`.`turnoUsuario`
-- -----------------------------------------------------
CREATE TABLE IF NOT EXISTS `canchaya_WB`.`turnoUsuario` (
  `id` INT NOT NULL AUTO_INCREMENT,
  `id_turnoAdmin` INT NOT NULL,
  `fecha` DATE NOT NULL,
  `confirmado` TINYINT(1) NOT NULL,
  `pagado` TINYINT(1) NULL,
  `estado` TINYINT NOT NULL COMMENT 'estado para decir si un turno esta aprobado, rechazado,cancelado, finalizado',
  `id_usuario` INT UNSIGNED NOT NULL,
  PRIMARY KEY (`id`, `id_usuario`),
  INDEX `fk_turno_usuario1_idx` (`id_usuario` ASC),
  INDEX `id_turnoAdmin` (`id_turnoAdmin` ASC),
  CONSTRAINT `fk_turno_usuario1`
    FOREIGN KEY (`id_usuario`)
    REFERENCES `canchaya_WB`.`users` (`id`)
    ON DELETE RESTRICT
    ON UPDATE RESTRICT,
  CONSTRAINT `fk_turnoAdmin`
    FOREIGN KEY (`id_turnoAdmin`)
    REFERENCES `canchaya_WB`.`turnoAdmin` (`id`)
    ON DELETE RESTRICT
    ON UPDATE RESTRICT)
ENGINE = InnoDB
DEFAULT CHARACTER SET = utf8
COLLATE = utf8_unicode_ci;


-- -----------------------------------------------------
-- Table `canchaya_WB`.`PuntajeCanchaUser`
-- -----------------------------------------------------
CREATE TABLE IF NOT EXISTS `canchaya_WB`.`PuntajeCanchaUser` (
  `id` INT NOT NULL AUTO_INCREMENT,
  `id_usuario` INT UNSIGNED NOT NULL,
  `id_cancha` INT NOT NULL,
  `puntaje` INT NOT NULL,
  PRIMARY KEY (`id`),
  INDEX `id_usuario_INDEX` (`id_usuario` ASC),
  INDEX `id_cancha_INDEX` (`id_cancha` ASC),
  CONSTRAINT `fk_cancha_puntaje`
    FOREIGN KEY (`id_cancha`)
    REFERENCES `canchaya_WB`.`cancha` (`id`)
    ON DELETE RESTRICT
    ON UPDATE RESTRICT,
  CONSTRAINT `fk_user_puntaje`
    FOREIGN KEY (`id_usuario`)
    REFERENCES `canchaya_WB`.`users` (`id`)
    ON DELETE RESTRICT
    ON UPDATE RESTRICT)
ENGINE = InnoDB;


-- -----------------------------------------------------
-- Table `canchaya_WB`.`facebookAccount`
-- -----------------------------------------------------
CREATE TABLE IF NOT EXISTS `canchaya_WB`.`facebookAccount` (
  `id` INT NOT NULL AUTO_INCREMENT,
  `user_id` INT UNSIGNED NOT NULL,
  `provider_user_id` INT(20) NOT NULL,
  `provider` VARCHAR(15) NOT NULL,
  `timestamps` TIMESTAMP(3) NULL,
  PRIMARY KEY (`id`),
  INDEX `user_id` (`user_id` ASC),
  CONSTRAINT `fk_user_id`
    FOREIGN KEY (`user_id`)
    REFERENCES `canchaya_WB`.`users` (`id`)
    ON DELETE RESTRICT
    ON UPDATE RESTRICT)
ENGINE = InnoDB;


-- -----------------------------------------------------
-- Table `canchaya_WB`.`turnoEspecial`
-- -----------------------------------------------------
CREATE TABLE IF NOT EXISTS `canchaya_WB`.`turnoEspecial` (
  `id` INT NOT NULL AUTO_INCREMENT,
  `id_dia` INT NOT NULL,
  `horaInicio` TIME(6) NOT NULL,
  `horaFin` TIME(6) NOT NULL,
  `precio_cancha` DOUBLE NOT NULL,
  `adic_luz` TINYINT(1) NOT NULL,
  `precio_adicional` DOUBLE NULL,
  `habilitado` TINYINT(1) NOT NULL,
  `fecha` DATE NOT NULL,
  `id_usuario` INT UNSIGNED NOT NULL,
  `id_cancha` INT NOT NULL,
  `reservado` TINYINT(1) NOT NULL,
  PRIMARY KEY (`id`),
  INDEX `id_dia` (`id_dia` ASC),
  INDEX `id_usuario` (`id_usuario` ASC),
  INDEX `id_cancha` (`id_cancha` ASC),
  CONSTRAINT `fk_id_dia_Especial`
    FOREIGN KEY (`id_dia`)
    REFERENCES `canchaya_WB`.`Dia` (`id`)
    ON DELETE RESTRICT
    ON UPDATE RESTRICT,
  CONSTRAINT `fk_id_usuario_Especial`
    FOREIGN KEY (`id_usuario`)
    REFERENCES `canchaya_WB`.`users` (`id`)
    ON DELETE RESTRICT
    ON UPDATE RESTRICT,
  CONSTRAINT `fk_id_cancha_Especial`
    FOREIGN KEY (`id_cancha`)
    REFERENCES `canchaya_WB`.`cancha` (`id`)
    ON DELETE RESTRICT
    ON UPDATE RESTRICT)
ENGINE = InnoDB;


SET SQL_MODE=@OLD_SQL_MODE;
SET FOREIGN_KEY_CHECKS=@OLD_FOREIGN_KEY_CHECKS;
SET UNIQUE_CHECKS=@OLD_UNIQUE_CHECKS;

-- -----------------------------------------------------
-- Data for table `canchaya_WB`.`provincia`
-- -----------------------------------------------------
START TRANSACTION;
USE `canchaya_WB`;
INSERT INTO `canchaya_WB`.`provincia` (`id`, `provincia_nombre`) VALUES (1, 'Buenos Aires');
INSERT INTO `canchaya_WB`.`provincia` (`id`, `provincia_nombre`) VALUES (2, 'Rio Negro');

COMMIT;


-- -----------------------------------------------------
-- Data for table `canchaya_WB`.`ciudad`
-- -----------------------------------------------------
START TRANSACTION;
USE `canchaya_WB`;
INSERT INTO `canchaya_WB`.`ciudad` (`id`, `ciudad_nombre`, `cp`, `id_provincia`) VALUES (1, 'Bahia Blanca', 8000, 1);
INSERT INTO `canchaya_WB`.`ciudad` (`id`, `ciudad_nombre`, `cp`, `id_provincia`) VALUES (2, 'Allen', 8328, 2);
INSERT INTO `canchaya_WB`.`ciudad` (`id`, `ciudad_nombre`, `cp`, `id_provincia`) VALUES (3, 'San Antonio Oeste', 8269, 2);

COMMIT;


-- -----------------------------------------------------
-- Data for table `canchaya_WB`.`users`
-- -----------------------------------------------------
START TRANSACTION;
USE `canchaya_WB`;
INSERT INTO `canchaya_WB`.`users` (`id`, `admin`, `name`, `email`, `password`, `updated_at`, `created_at`, `password_resets`, `remember_token`) VALUES (2, 1, 'Patricio', 'patricio.sartore@gmail.com', '$2y$10$SmExlC6WBchjaIHn9rC5Lu3gy12NPSTrua7SFQC26O43mitZVDH5K', '2016-05-12 12:54:31', '2016-05-12', NULL, NULL);

COMMIT;


-- -----------------------------------------------------
-- Data for table `canchaya_WB`.`establecimiento`
-- -----------------------------------------------------
START TRANSACTION;
USE `canchaya_WB`;
INSERT INTO `canchaya_WB`.`establecimiento` (`id`, `nombre`, `direccion`, `tienevestuario`, `id_ciudad`, `id_usuario`) VALUES (1, 'Establecimiento Pato', 'Paraguay 65', 1, 1, 2);

COMMIT;


-- -----------------------------------------------------
-- Data for table `canchaya_WB`.`deporte`
-- -----------------------------------------------------
START TRANSACTION;
USE `canchaya_WB`;
INSERT INTO `canchaya_WB`.`deporte` (`id`, `deporte`) VALUES (1, 'Futbol');
INSERT INTO `canchaya_WB`.`deporte` (`id`, `deporte`) VALUES (2, 'Tennis');
INSERT INTO `canchaya_WB`.`deporte` (`id`, `deporte`) VALUES (3, 'Basket');

COMMIT;


-- -----------------------------------------------------
-- Data for table `canchaya_WB`.`Superficie`
-- -----------------------------------------------------
START TRANSACTION;
USE `canchaya_WB`;
INSERT INTO `canchaya_WB`.`Superficie` (`id`, `superficie`) VALUES (1, 'Sintético');
INSERT INTO `canchaya_WB`.`Superficie` (`id`, `superficie`) VALUES (2, 'Tierra');
INSERT INTO `canchaya_WB`.`Superficie` (`id`, `superficie`) VALUES (3, 'Piso Flotante');

COMMIT;


-- -----------------------------------------------------
-- Data for table `canchaya_WB`.`cancha`
-- -----------------------------------------------------
START TRANSACTION;
USE `canchaya_WB`;
INSERT INTO `canchaya_WB`.`cancha` (`id`, `id_establecimiento`, `nombre_cancha`, `cant_jugadores`, `tiene_luz`, `techada`, `id_deporte`, `id_superficie`) VALUES (1, 1, 'Cancha 1', 10, 1, 1, 1, 1);
INSERT INTO `canchaya_WB`.`cancha` (`id`, `id_establecimiento`, `nombre_cancha`, `cant_jugadores`, `tiene_luz`, `techada`, `id_deporte`, `id_superficie`) VALUES (2, 1, 'Cancha 2', 5, 0, 0, 1, 2);

COMMIT;


-- -----------------------------------------------------
-- Data for table `canchaya_WB`.`Dia`
-- -----------------------------------------------------
START TRANSACTION;
USE `canchaya_WB`;
INSERT INTO `canchaya_WB`.`Dia` (`id`, `dia`, `dia_ingles`) VALUES (1, 'Lunes', 'monday');
INSERT INTO `canchaya_WB`.`Dia` (`id`, `dia`, `dia_ingles`) VALUES (2, 'Martes', 'tuesday');
INSERT INTO `canchaya_WB`.`Dia` (`id`, `dia`, `dia_ingles`) VALUES (3, 'Miércoles', 'wednesday');
INSERT INTO `canchaya_WB`.`Dia` (`id`, `dia`, `dia_ingles`) VALUES (4, 'Jueves', 'thursday');
INSERT INTO `canchaya_WB`.`Dia` (`id`, `dia`, `dia_ingles`) VALUES (5, 'Viernes', 'friday');
INSERT INTO `canchaya_WB`.`Dia` (`id`, `dia`, `dia_ingles`) VALUES (6, 'Sábado', 'saturday');
INSERT INTO `canchaya_WB`.`Dia` (`id`, `dia`, `dia_ingles`) VALUES (7, 'Domingo', 'sunday');

COMMIT;


-- -----------------------------------------------------
-- Data for table `canchaya_WB`.`turnoAdmin`
-- -----------------------------------------------------
START TRANSACTION;
USE `canchaya_WB`;
INSERT INTO `canchaya_WB`.`turnoAdmin` (`id`, `id_dia`, `horaInicio`, `horaFin`, `precio_cancha`, `adic_luz`, `precio_adicional`, `habilitado`, `id_usuario_admin`, `id_cancha`, `fijo`) VALUES (1, 2, '12:00', '13:00', 500, 0, 0, DEFAULT, 2, 1, DEFAULT);
INSERT INTO `canchaya_WB`.`turnoAdmin` (`id`, `id_dia`, `horaInicio`, `horaFin`, `precio_cancha`, `adic_luz`, `precio_adicional`, `habilitado`, `id_usuario_admin`, `id_cancha`, `fijo`) VALUES (2, 2, '13:00', '14:00', 500, 0, 0, DEFAULT, 2, 1, DEFAULT);
INSERT INTO `canchaya_WB`.`turnoAdmin` (`id`, `id_dia`, `horaInicio`, `horaFin`, `precio_cancha`, `adic_luz`, `precio_adicional`, `habilitado`, `id_usuario_admin`, `id_cancha`, `fijo`) VALUES (3, 2, '14:00', '15:00', 600, 0, 0, DEFAULT, 2, 1, DEFAULT);
INSERT INTO `canchaya_WB`.`turnoAdmin` (`id`, `id_dia`, `horaInicio`, `horaFin`, `precio_cancha`, `adic_luz`, `precio_adicional`, `habilitado`, `id_usuario_admin`, `id_cancha`, `fijo`) VALUES (4, 2, '10:00', '12:00', 300, 1, 100, DEFAULT, 2, 2, DEFAULT);
INSERT INTO `canchaya_WB`.`turnoAdmin` (`id`, `id_dia`, `horaInicio`, `horaFin`, `precio_cancha`, `adic_luz`, `precio_adicional`, `habilitado`, `id_usuario_admin`, `id_cancha`, `fijo`) VALUES (5, 2, '12:00', '13:00', 400, 1, 50, DEFAULT, 2, 2, DEFAULT);

COMMIT;

